day_utc,rows,finite_F_minutes,finite_flow_speed_minutes,finite_SYM_H_minutes,daily_min_SYM_H_nT,daily_max_SYM_H_nT,abs_daily_min_SYM_H,daily_SYM_H_interdecile_range,daily_F_median_nT,daily_F_interdecile_range,daily_flow_speed_median_km_s,daily_flow_speed_interdecile_range,median_percent_interp,maximum_percent_interp
2024-01-01 00:00:00+00:00,1440,1409,1085,1440,-32.0,7.0,32.0,25.0,5.97,6.3020000000000005,331.2,46.39999999999998,0.0,100.0
2024-01-02 00:00:00+00:00,1440,1360,909,1440,-25.0,-4.0,25.0,12.0,7.42,3.641,387.9,32.74000000000001,88.0,100.0
2024-01-03 00:00:00+00:00,1440,1406,970,1440,-25.0,13.0,25.0,25.0,6.945,3.6949999999999994,430.95,98.82,82.5,100.0
2024-01-04 00:00:00+00:00,1440,1423,1132,1440,-21.0,-4.0,21.0,11.0,4.19,3.8359999999999994,427.8,48.56999999999999,40.0,100.0
2024-01-05 00:00:00+00:00,1440,1397,971,1440,-25.0,-5.0,25.0,14.0,3.4,1.0899999999999999,392.6,36.0,67.0,100.0
2024-01-06 00:00:00+00:00,1440,1004,664,1440,-12.0,-2.0,12.0,8.0,2.88,0.43999999999999995,356.04999999999995,41.370000000000005,89.5,100.0
2024-01-07 00:00:00+00:00,1440,1418,1103,1440,-8.0,4.0,8.0,10.0,2.54,1.7929999999999997,311.4,23.480000000000018,50.0,100.0
2024-01-08 00:00:00+00:00,1440,1419,1147,1440,-1.0,13.0,1.0,8.0,4.57,3.63,320.3,35.74000000000001,88.0,100.0
2024-01-09 00:00:00+00:00,1440,1409,1074,1440,-3.0,8.0,3.0,7.0,6.39,2.0219999999999994,356.7,28.899999999999977,50.0,100.0
2024-01-10 00:00:00+00:00,1440,1410,1099,1440,-19.0,8.0,19.0,17.0,7.78,2.7910000000000013,398.1,46.639999999999986,21.0,100.0
2024-01-11 00:00:00+00:00,1440,1421,1002,1440,-19.0,-1.0,19.0,10.0,5.81,3.83,432.65,50.95999999999998,67.0,100.0
2024-01-12 00:00:00+00:00,1440,1427,1092,1440,-17.0,1.0,17.0,14.0,3.86,1.29,431.35,72.03000000000003,100.0,100.0
2024-01-13 00:00:00+00:00,1440,1422,1103,1440,-9.0,2.0,9.0,7.0,4.33,1.1800000000000002,344.3,26.30000000000001,100.0,100.0
2024-01-14 00:00:00+00:00,1440,1433,1068,1440,-27.0,0.0,27.0,20.0,5.84,2.195999999999999,326.9,28.53000000000003,0.0,100.0
2024-01-15 00:00:00+00:00,1440,1436,1057,1440,-15.0,3.0,15.0,10.0,5.13,3.715,333.7,33.94,86.5,100.0
2024-01-16 00:00:00+00:00,1440,1430,836,1440,-12.0,5.0,12.0,10.0,5.86,4.16,336.6,29.600000000000023,0.0,100.0
2024-01-17 00:00:00+00:00,1440,1312,816,1440,-8.0,11.0,8.0,12.0,3.18,1.7200000000000002,343.0,43.950000000000045,50.0,100.0
2024-01-18 00:00:00+00:00,1440,1263,957,1440,-17.0,10.0,17.0,19.0,5.75,3.0300000000000002,354.1,59.5,12.0,100.0
2024-01-19 00:00:00+00:00,1440,1336,876,1440,-33.0,-1.0,33.0,23.099999999999994,6.97,3.0900000000000007,386.35,49.049999999999955,80.0,100.0
2024-01-20 00:00:00+00:00,1440,1291,607,1440,-18.0,-1.0,18.0,13.0,4.5,0.96,375.7,23.439999999999998,0.0,100.0
2024-01-21 00:00:00+00:00,1440,1237,861,1440,-20.0,8.0,20.0,23.0,5.19,2.194,361.3,29.0,38.0,100.0
2024-01-22 00:00:00+00:00,1440,1393,715,1440,-17.0,25.0,17.0,19.0,6.12,6.65,396.6,86.68,0.0,100.0
2024-01-23 00:00:00+00:00,1440,1376,1070,1440,-16.0,12.0,16.0,18.0,5.835,3.9050000000000002,418.25,24.810000000000002,0.0,100.0
2024-01-24 00:00:00+00:00,1440,486,242,1440,-24.0,18.0,24.0,15.0,6.355,3.7649999999999997,454.85,13.870000000000005,0.0,100.0
2024-01-25 00:00:00+00:00,1440,1286,1031,1440,-13.0,15.0,13.0,13.0,6.11,5.57,401.2,37.39999999999998,100.0,100.0
2024-01-26 00:00:00+00:00,1440,1363,1037,1440,-19.0,9.0,19.0,16.0,6.3,2.2300000000000004,396.0,58.339999999999975,0.0,100.0
2024-01-27 00:00:00+00:00,1440,1086,481,1440,-13.0,14.0,13.0,18.0,5.73,1.8549999999999995,362.9,19.899999999999977,16.0,100.0
2024-01-28 00:00:00+00:00,1440,1411,1167,1440,-18.0,19.0,18.0,23.0,8.64,4.25,370.1,49.32000000000005,0.0,100.0
2024-01-29 00:00:00+00:00,1440,1412,805,1440,-17.0,9.0,17.0,11.0,6.27,2.769,429.1,104.25999999999999,72.0,100.0
2024-01-30 00:00:00+00:00,1440,1397,965,1440,-20.0,9.0,20.0,18.0,4.61,1.63,467.9,26.25999999999999,33.0,100.0
2024-01-31 00:00:00+00:00,1440,1348,965,1440,-15.0,2.0,15.0,10.0,3.32,0.8500000000000001,423.5,69.97999999999996,90.0,100.0
2024-02-01 00:00:00+00:00,1440,1406,1079,1440,-11.0,15.0,11.0,20.0,4.09,3.43,381.1,66.44000000000005,94.5,100.0
2024-02-02 00:00:00+00:00,1440,1396,1038,1440,-10.0,2.0,10.0,8.0,2.85,1.3199999999999998,343.75,29.600000000000023,67.0,100.0
2024-02-03 00:00:00+00:00,1440,1414,1095,1440,-6.0,9.0,6.0,8.0,3.5,1.5270000000000001,320.2,11.700000000000045,30.0,100.0
2024-02-04 00:00:00+00:00,1440,1372,1019,1440,-13.0,14.0,13.0,16.0,6.225,4.0070000000000014,355.9,81.54000000000002,50.0,100.0
2024-02-05 00:00:00+00:00,1440,1386,944,1440,-5.0,14.0,5.0,12.0,7.775,2.8049999999999997,383.6,63.51999999999998,63.0,100.0
2024-02-06 00:00:00+00:00,1440,1408,923,1440,-14.0,9.0,14.0,16.0,7.145,2.5329999999999995,484.0,72.27999999999997,67.0,100.0
2024-02-07 00:00:00+00:00,1440,1391,801,1440,-12.0,3.0,12.0,10.0,4.62,1.4699999999999998,462.3,50.0,89.0,100.0
2024-02-08 00:00:00+00:00,1440,1239,700,1440,-14.0,6.0,14.0,12.0,4.04,1.2720000000000011,451.95,57.02999999999997,67.0,100.0
2024-02-09 00:00:00+00:00,1440,1383,893,1440,-9.0,22.0,9.0,16.0,3.56,3.501999999999999,437.7,65.5,43.0,100.0
2024-02-10 00:00:00+00:00,1440,1407,809,1440,0.0,26.0,0.0,14.0,3.87,3.134000000000001,368.9,67.76000000000005,75.0,100.0
2024-02-11 00:00:00+00:00,1440,1194,316,1440,-27.0,70.0,27.0,41.0,6.58,6.371,536.6,275.45,40.0,100.0
2024-02-12 00:00:00+00:00,1440,1393,886,1440,-15.0,1.0,15.0,13.0,4.72,3.8679999999999994,482.85,71.00000000000006,67.0,100.0
2024-02-13 00:00:00+00:00,1440,1287,923,1440,-27.0,10.0,27.0,26.0,5.0,2.5000000000000013,419.8,61.460000000000036,33.0,100.0
2024-02-14 00:00:00+00:00,1440,1195,816,1440,-27.0,0.0,27.0,9.0,6.45,1.692000000000001,419.6,84.94999999999999,25.0,100.0
2024-02-15 00:00:00+00:00,1440,1171,785,1440,-10.0,7.0,10.0,9.0,5.77,2.2300000000000004,394.8,95.32000000000005,90.0,100.0
2024-02-16 00:00:00+00:00,1440,1357,901,1440,-16.0,13.0,16.0,23.0,5.9,3.0580000000000016,387.0,39.099999999999966,33.0,100.0
2024-02-17 00:00:00+00:00,1440,1352,969,1440,-23.0,4.0,23.0,13.0,5.3,2.8389999999999995,336.4,59.04000000000002,50.0,100.0
2024-02-18 00:00:00+00:00,1440,1095,804,1440,-30.0,-7.0,30.0,15.0,6.31,3.2299999999999995,314.70000000000005,29.269999999999982,24.0,100.0
2024-02-19 00:00:00+00:00,1440,1366,1062,1440,-10.0,2.0,10.0,9.0,3.57,0.9099999999999997,289.7,21.599999999999966,30.0,100.0
2024-02-20 00:00:00+00:00,1440,1317,850,1440,-15.0,10.0,15.0,17.0,6.92,4.34,288.4,33.69999999999999,50.0,100.0
2024-02-21 00:00:00+00:00,1440,1378,823,1440,-5.0,16.0,5.0,10.0,7.8,1.9330000000000007,330.7,59.599999999999966,0.0,100.0
2024-02-22 00:00:00+00:00,1440,1375,998,1440,-9.0,9.0,9.0,12.0,6.06,1.1100000000000003,322.4,30.690000000000055,43.0,100.0
2024-02-23 00:00:00+00:00,1440,1398,979,1440,-3.0,12.0,3.0,10.0,5.06,2.9629999999999996,328.4,18.100000000000023,40.0,100.0
2024-02-24 00:00:00+00:00,1440,1400,854,1440,-17.0,13.0,17.0,17.0,5.29,5.07,325.9,60.47000000000003,20.0,100.0
2024-02-25 00:00:00+00:00,1440,1411,994,1440,-31.0,12.0,31.0,30.0,9.98,4.84,386.75,64.80000000000001,14.0,100.0
2024-02-26 00:00:00+00:00,1440,1419,1047,1440,-22.0,4.0,22.0,16.0,7.24,5.36,403.3,55.69999999999999,43.0,100.0
2024-02-27 00:00:00+00:00,1440,1384,790,1440,-33.0,-3.0,33.0,16.0,4.2,4.390000000000001,422.7,38.319999999999936,58.0,100.0
2024-02-28 00:00:00+00:00,1440,1398,530,1440,-20.0,2.0,20.0,10.0,3.16,1.2999999999999998,412.15,60.410000000000025,100.0,100.0
2024-02-29 00:00:00+00:00,1440,1254,718,1440,-5.0,8.0,5.0,7.0,4.45,1.8439999999999994,386.3,41.78000000000003,81.5,100.0
2024-03-01 00:00:00+00:00,1440,1405,725,1440,-32.0,10.0,32.0,15.0,4.24,1.2900000000000005,370.9,58.28000000000003,80.0,100.0
2024-03-02 00:00:00+00:00,1440,1411,839,1440,-18.0,0.0,18.0,13.0,3.33,1.5299999999999998,300.0,49.0,100.0,100.0
2024-03-03 00:00:00+00:00,1440,1420,1041,1440,-128.0,40.0,128.0,134.0,10.620000000000001,14.369999999999997,332.5,71.10000000000002,60.0,100.0
2024-03-04 00:00:00+00:00,1440,1429,877,1440,-94.0,-36.0,94.0,33.0,11.32,3.2720000000000002,354.6,46.379999999999995,0.0,100.0
2024-03-05 00:00:00+00:00,1440,1390,943,1440,-45.0,-14.0,45.0,18.0,6.015,3.0710000000000006,386.8,30.660000000000025,25.0,100.0
2024-03-06 00:00:00+00:00,1440,1400,1007,1440,-34.0,-1.0,34.0,18.0,5.765,1.8600000000000003,399.5,66.30000000000001,75.0,100.0
2024-03-07 00:00:00+00:00,1440,1351,956,1440,-39.0,10.0,39.0,27.0,4.87,4.17,404.85,30.399999999999977,19.0,100.0
2024-03-08 00:00:00+00:00,1440,1385,758,1440,-37.0,-6.0,37.0,18.0,5.55,1.9299999999999997,475.25,84.99000000000001,50.0,100.0
2024-03-09 00:00:00+00:00,1440,1402,962,1440,-31.0,-10.0,31.0,12.0,4.85,1.4590000000000005,444.05,53.29000000000002,80.0,100.0
2024-03-10 00:00:00+00:00,1440,1369,719,1440,-24.0,-6.0,24.0,13.0,3.85,1.0620000000000007,423.7,43.10000000000002,40.0,100.0
2024-03-11 00:00:00+00:00,1440,1394,1049,1440,-20.0,3.0,20.0,13.0,3.86,3.1069999999999998,378.7,40.01999999999998,9.5,100.0
2024-03-12 00:00:00+00:00,1440,1385,958,1440,-16.0,3.0,16.0,12.0,4.59,2.1160000000000014,385.0,25.460000000000036,50.0,100.0
2024-03-13 00:00:00+00:00,1440,1379,957,1440,-36.0,4.0,36.0,22.0,6.55,2.152,384.8,24.80000000000001,33.0,100.0
2024-03-14 00:00:00+00:00,1440,1405,845,1440,-18.0,0.0,18.0,10.0,7.35,1.6260000000000003,406.7,45.920000000000016,40.0,100.0
2024-03-15 00:00:00+00:00,1440,1384,870,1440,-24.0,1.0,24.0,18.0,4.745,1.4669999999999996,404.2,51.39999999999998,50.0,100.0
2024-03-16 00:00:00+00:00,1440,1406,739,1440,-9.0,2.0,9.0,9.0,3.86,0.5,379.6,57.89999999999998,88.0,100.0
2024-03-17 00:00:00+00:00,1440,1428,1097,1440,-2.0,7.0,2.0,6.0,3.61,0.77,336.2,38.379999999999995,100.0,100.0
2024-03-18 00:00:00+00:00,1440,1420,1169,1440,-17.0,10.0,17.0,5.0,4.55,4.494000000000004,300.5,49.0,0.0,100.0
2024-03-19 00:00:00+00:00,1440,1421,1126,1440,-30.0,-7.0,30.0,15.0,4.89,4.199999999999999,364.3,27.44999999999999,89.0,100.0
2024-03-20 00:00:00+00:00,1440,1369,1047,1440,-8.0,8.0,8.0,11.0,5.46,1.7320000000000002,337.9,53.539999999999964,40.0,100.0
2024-03-21 00:00:00+00:00,1440,1428,1026,1440,-81.0,30.0,81.0,86.0,9.79,9.142999999999999,353.8,55.75,0.0,100.0
2024-03-22 00:00:00+00:00,1440,1416,905,1440,-54.0,-6.0,54.0,25.0,8.57,2.250000000000001,351.1,26.45999999999998,0.0,100.0
2024-03-23 00:00:00+00:00,1440,1380,1105,1440,-92.0,21.0,92.0,81.10000000000014,9.35,9.042000000000002,365.5,146.08000000000004,29.0,100.0
2024-03-24 00:00:00+00:00,1440,1422,1096,1440,-174.0,8.0,174.0,84.0,8.79,24.329,539.9,356.45,25.0,100.0
2024-03-25 00:00:00+00:00,1440,1436,1189,1440,-89.0,-11.0,89.0,33.0,6.995,19.055,735.1,157.89999999999998,0.0,100.0
2024-03-26 00:00:00+00:00,1440,1388,1053,1440,-58.0,-20.0,58.0,24.0,3.78,3.22,612.4,76.94000000000005,100.0,100.0
2024-03-27 00:00:00+00:00,1440,428,374,1440,-35.0,-9.0,35.0,13.0,3.89,1.33,495.3,33.370000000000005,0.0,100.0
2024-03-28 00:00:00+00:00,1440,1211,1049,1440,-24.0,14.0,24.0,14.0,2.62,2.3,447.2,66.62,100.0,100.0
2024-03-29 00:00:00+00:00,1440,931,749,1440,-16.0,14.0,16.0,12.0,2.43,1.3299999999999998,379.6,36.0,100.0,100.0
2024-03-30 00:00:00+00:00,1440,1245,904,1440,-5.0,13.0,5.0,11.0,6.42,8.726000000000003,341.0,62.910000000000025,20.0,100.0
2024-03-31 00:00:00+00:00,1440,1282,643,1440,-20.0,12.0,20.0,16.0,7.72,3.2689999999999992,477.9,117.30000000000001,0.0,100.0
2024-04-01 00:00:00+00:00,1440,1355,732,1440,-42.0,-4.0,42.0,24.0,6.47,2.1959999999999997,523.95,92.63999999999999,100.0,100.0
2024-04-02 00:00:00+00:00,1440,1429,695,1440,-24.0,-3.0,24.0,17.0,4.94,1.7000000000000002,428.6,44.19999999999999,0.0,100.0
2024-04-03 00:00:00+00:00,1440,1206,694,1440,-16.0,1.0,16.0,11.0,4.65,1.4800000000000004,404.3,75.87,67.0,100.0
2024-04-04 00:00:00+00:00,1440,1416,1170,1440,-22.0,22.0,22.0,29.0,7.82,4.5550000000000015,435.1,118.57000000000005,25.0,100.0
2024-04-05 00:00:00+00:00,1440,1415,958,1440,-29.0,-9.0,29.0,12.0,6.37,1.3100000000000005,413.85,55.13000000000005,100.0,100.0
2024-04-06 00:00:00+00:00,1440,1428,719,1440,-37.0,-10.0,37.0,15.0,5.98,2.7829999999999995,428.5,43.24000000000001,50.0,100.0
2024-04-07 00:00:00+00:00,1440,1402,668,1440,-20.0,-3.0,20.0,12.0,4.09,1.4899999999999998,392.1,43.81999999999999,37.5,100.0
2024-04-08 00:00:00+00:00,1440,1403,882,1440,-29.0,-2.0,29.0,14.0,5.46,2.8379999999999996,360.9,34.73000000000002,0.0,100.0
2024-04-09 00:00:00+00:00,1440,1423,1141,1440,-27.0,3.0,27.0,18.0,7.09,2.5700000000000003,367.7,78.30000000000001,0.0,100.0
2024-04-10 00:00:00+00:00,1440,1395,971,1440,-14.0,0.0,14.0,5.0,6.73,2.17,417.3,47.10000000000002,50.0,100.0
2024-04-11 00:00:00+00:00,1440,1415,951,1440,-10.0,6.0,10.0,8.0,5.38,1.3960000000000017,425.4,35.700000000000045,14.0,100.0
2024-04-12 00:00:00+00:00,1440,1402,741,1440,-5.0,8.0,5.0,8.0,4.4350000000000005,0.9699999999999998,384.6,41.599999999999966,92.5,100.0
2024-04-13 00:00:00+00:00,1440,1345,945,1440,-1.0,11.0,1.0,7.0,3.8,1.2660000000000013,352.1,35.860000000000014,78.0,100.0
2024-04-14 00:00:00+00:00,1440,1420,970,1440,-3.0,18.0,3.0,13.0,4.57,1.751,352.45,35.40999999999997,67.0,100.0
2024-04-15 00:00:00+00:00,1440,1379,680,1440,-21.0,14.0,21.0,20.0,4.48,5.41,343.95,35.81,90.0,100.0
2024-04-16 00:00:00+00:00,1440,1354,770,1440,-77.0,-21.0,77.0,39.0,9.74,3.879999999999999,371.1,28.220000000000027,38.0,100.0
2024-04-17 00:00:00+00:00,1440,1331,919,1440,-66.0,-9.0,66.0,21.0,7.47,4.2,353.1,23.420000000000016,0.0,100.0
2024-04-18 00:00:00+00:00,1440,1347,707,1440,-13.0,5.0,13.0,10.0,6.29,4.05,346.6,84.0,65.0,100.0
2024-04-19 00:00:00+00:00,1440,1327,966,1440,-139.0,15.0,139.0,110.0,11.5,10.794,393.3,142.95000000000005,0.0,100.0
2024-04-20 00:00:00+00:00,1440,1320,869,1440,-82.0,-44.0,82.0,25.0,4.55,1.3800000000000003,465.8,59.41999999999996,88.0,100.0
2024-04-21 00:00:00+00:00,1440,1393,1006,1440,-73.0,-38.0,73.0,22.0,5.79,2.847999999999999,450.15,41.0,8.0,100.0
2024-04-22 00:00:00+00:00,1440,1362,880,1440,-50.0,-21.0,50.0,18.0,6.21,1.4299999999999997,421.75,62.54000000000002,80.0,100.0
2024-04-23 00:00:00+00:00,1440,1364,989,1440,-37.0,-13.0,37.0,15.0,5.59,1.1499999999999995,382.5,30.260000000000048,13.0,100.0
2024-04-24 00:00:00+00:00,1440,1367,960,1440,-27.0,-5.0,27.0,9.0,3.85,2.774,366.6,27.30000000000001,36.0,100.0
2024-04-25 00:00:00+00:00,1440,1352,890,1440,-10.0,1.0,10.0,7.0,4.37,1.5,322.1,30.20999999999998,63.0,100.0
2024-04-26 00:00:00+00:00,1440,1338,708,1440,-52.0,-4.0,52.0,32.0,10.015,7.056,330.5,26.83000000000004,40.0,100.0
2024-04-27 00:00:00+00:00,1440,1340,913,1440,-46.0,1.0,46.0,33.0,10.42,8.51,403.7,100.18,20.0,100.0
2024-04-28 00:00:00+00:00,1440,1362,1012,1440,-44.0,0.0,44.0,34.0,5.49,1.4799999999999995,416.0,44.19999999999999,50.0,100.0
2024-04-29 00:00:00+00:00,1440,1325,904,1440,-17.0,18.0,17.0,26.099999999999994,4.19,2.8660000000000005,450.25,50.60999999999996,67.0,100.0
2024-04-30 00:00:00+00:00,1440,1358,1026,1440,-27.0,34.0,27.0,34.0,4.01,7.8500000000000005,395.4,39.80000000000001,43.0,100.0
